woord,frequency
the,665
of,335
and,335
you,284
to,271
i,243
a,216
in,207
is,138
with,131
dionysus,125
for,122
pentheus,119
will,118
your,113
not,105
this,104
he,104
my,102
but,93
who,85
from,84
me,84
it,83
that,81
have,77
his,73
as,70
him,66
are,63
what,63
agave,63
kadmos,62
god,58
do,58
on,57
their,56
they,55
chorus,54
by,51
be,50
see,45
was,45
at,43
go,41
we,40
bacchae,37
them,36
man,35
or,35
come,34
house,34
all,34
one,34
has,33
hands,33
did,32
zeus,31
so,31
where,31
mother,28
her,28
gods,27
out,27
when,26
here,25
city,25
child,25
now,25
am,24
which,24
women,24
there,23
if,22
no,22
let,22
men,21
mortals,21
like,21
our,21
how,21
having,20
father,20
us,20
bring,20
son,19
thyrsos,19
had,19
things,19
up,19
were,19
old,19
land,18
against,18
down,18
maenads,18
bromius,18
bacchus,18
great,18
some,18
these,18
first,17
then,17
into,17
teiresias,17
head,17
too,17
still,16
dance,16
thebes,16
she,16
rites,16
leader,16
whom,15
an,15
hand,14
must,14
bacchic,14
honor,14
may,14
being,14
mountain,14
wise,14
would,14
lead,14
without,14
hold,14
say,14
before,14
terrible,14
over,13
about,13
kithairon,13
why,13
hear,13
stranger,13
well,13
wretched,13
its,12
body,12
should,12
right,12
,12
revelry,12
yes,12
tell,12
though,12
nor,12
through,12
messenger,12
once,11
left,11
blessed,11
ivy,11
mountains,11
another,11
way,11
pine,11
shall,11
young,11
off,11
caught,11
oh,11
semele,10
together,10
among,10
many,10
daughters,10
even,10
life,10
forth,10
earth,10
ground,10
think,10
apart,10
echion,10
said,10
can,10
mortal,9
other,9
might,9
arms,9
sacred,9
take,9
call,9
hair,9
good,9
seen,9
does,9
saw,9
than,9
lord,9
daughter,8
bore,8
along,8
hellas,8
sisters,8
o,8
after,8
day,8
been,8
eyes,8
catch,8
any,8
speak,8
mind,8
happy,8
more,8
miserable,8
put,8
while,8
around,7
those,7
offspring,7
away,7
myself,7
holy,7
wild,7
white,7
thyrsoi,7
whenever,7
air,7
voice,7
feet,7
night,7
aphrodite,7
death,7
wish,7
chains,7
words,7
mad,7
suffer,7
streams,7
enter,7
sent,7
beast,7
doing,7
io,7
master,7
fire,6
set,6
ones,6
wear,6
far,6
born,6
brought,6
dances,6
speaking,6
upon,6
cast,6
prey,6
yourself,6
whoever,6
blood,6
delight,6
foot,6
much,6
trouble,6
light,6
gave,6
coming,6
new,6
hunt,6
stop,6
making,6
receive,6
longer,6
earthborn,6
two,6
part,6
under,6
look,6
dont,6
know,6
follow,6
own,6
serpent,6
bull,6
sitting,6
began,6
indeed,6
woman,6
thebans,5
flame,5
near,5
hera,5
praise,5
place,5
vine,5
full,5
manifest,5
mothers,5
dwell,5
power,5
show,5
join,5
nature,5
sweet,5
easily,5
thigh,5
crown,5
hunting,5
heard,5
long,5
throughout,5
midst,5
ino,5
soon,5
joyful,5
within,5
shame,5
name,5
grief,5
troubles,5
time,5
force,5
rejoice,5
most,5
thinking,5
seem,5
punishment,5
bear,5
wisdom,5
could,5
bind,5
order,5
womens,5
sight,5
just,5
again,5
beasts,5
home,5
fear,5
escaped,5
theban,5
turned,5
alas,5
back,5
hunter,5
ought,5
unjust,5
taken,4
form,4
palace,4
made,4
covered,4
walls,4
barbarians,4
already,4
mysteries,4
killed,4
because,4
told,4
marriage,4
frenzy,4
wits,4
beneath,4
anger,4
drive,4
changed,4
tmolus,4
share,4
swift,4
perform,4
keep,4
celebrate,4
fortunate,4
phrygian,4
leaving,4
shut,4
golden,4
hidden,4
branches,4
oak,4
goddess,4
running,4
flows,4
wine,4
dearest,4
inside,4
try,4
alone,4
rest,4
held,4
age,4
whether,4
different,4
ways,4
consider,4
bound,4
mean,4
autonoe,4
actaeon,4
shaking,4
seeing,4
birds,4
feast,4
sleep,4
led,4
olympus,4
madness,4
ares,4
branch,4
always,4
people,4
glorious,4
torn,4
folly,4
everything,4
state,4
insolence,4
beautiful,4
holds,4
quiet,4
deeds,4
foreign,4
desire,4
care,4
servant,4
work,4
carried,4
prison,4
clearly,4
give,4
standing,4
slaves,4
make,4
company,4
rage,4
dark,4
drew,4
victory,4
took,4
calling,4
sword,4
appear,4
beyond,4
punish,4
woods,4
sprang,4
upright,4
rock,4
whole,4
countless,4
raise,4
clothing,4
spy,4
best,4
strength,4
whose,4
lion,4
sung,4
unhappy,4
farewell,4
water,3
tomb,3
insult,3
plains,3
lies,3
hellenes,3
mingled,3
deity,3
cry,3
fawnskin,3
taking,3
least,3
therefore,3
goaded,3
female,3
rocks,3
pines,3
case,3
battle,3
band,3
get,3
indoors,3
pure,3
revels,3
dancing,3
birth,3
womb,3
chamber,3
reason,3
locks,3
crowd,3
secret,3
hide,3
songs,3
raving,3
plain,3
milk,3
maenad,3
cries,3
luxury,3
gates,3
someone,3
fawnskins,3
heads,3
recognized,3
shake,3
same,3
only,3
discovered,3
since,3
happened,3
strange,3
servants,3
public,3
noise,3
lightning,3
insults,3
dappled,3
sense,3
free,3
introducing,3
impiety,3
sowed,3
crop,3
race,3
whatever,3
nourishes,3
gives,3
means,3
sky,3
changing,3
frantic,3
believe,3
boast,3
grievous,3
laws,3
hounds,3
raised,3
seat,3
levers,3
upside,3
release,3
garlands,3
little,3
saying,3
shameful,3
fall,3
pass,3
foolish,3
banquets,3
end,3
comes,3
misfortune,3
lawless,3
remain,3
flowing,3
vain,3
turn,3
cheek,3
loose,3
nets,3
escape,3
sacrifice,3
bringing,3
rate,3
impious,3
bid,3
bonds,3
fierce,3
trees,3
wealth,3
revere,3
burn,3
bodies,3
seems,3
neither,3
hope,3
quietly,3
rushed,3
exhausted,3
ah,3
second,3
foliage,3
others,3
sound,3
shoulders,3
ambush,3
hunted,3
tore,3
flesh,3
course,3
very,3
certainly,3
guide,3
kill,3
dress,3
eager,3
headband,3
yet,3
greater,3
divine,3
become,3
side,3
carry,3
arm,3
deed,3
return,3
reach,3
justice,3
heart,3
affairs,3
sat,3
cannot,3
lofty,3
tree,3
pulled,3
performed,3
destroyed,3
wife,3
harmonia,3
exile,3
instead,2
fountains,2
clusterbearing,2
lands,2
phrygians,2
asia,2
sea,2
cities,2
excited,2
claimed,2
trick,2
boasted,2
false,2
outfit,2
driven,2
sit,2
green,2
learn,2
initiated,2
given,2
concerned,2
sacrifices,2
prayers,2
makes,2
matters,2
move,2
ever,2
seek,2
account,2
lydia,2
companions,2
drums,2
rhea,2
going,2
beat,2
folds,2
labor,2
borne,2
celebrating,2
mouth,2
propitious,2
eternal,2
knowing,2
soul,2
inspired,2
brandishing,2
thunderbolt,2
received,2
fit,2
snakes,2
flourish,2
yew,2
bearing,2
leads,2
caves,2
circle,2
pipes,2
joined,2
falls,2
wearing,2
garment,2
fawn,2
skin,2
slain,2
lydian,2
wanderers,2
shouts,2
casting,2
deep,2
gold,2
sounds,2
rejoicing,2
grazing,2
gamboling,2
towering,2
looking,2
friend,2
extol,2
leading,2
never,2
gladly,2
chariot,2
equal,2
delay,2
mine,2
cleverness,2
overturn,2
anyone,2
common,2
matter,2
homes,2
honoring,2
stand,2
each,2
serve,2
beds,2
iron,2
winedark,2
graces,2
claims,2
worthy,2
raging,2
grandfather,2
persuaded,2
examine,2
gray,2
wicked,2
none,2
reverence,2
takes,2
speech,2
came,2
drink,2
grape,2
stream,2
hardships,2
laugh,2
snatched,2
wished,2
surrounds,2
also,2
army,2
leaping,2
compel,2
modest,2
delights,2
honored,2
mock,2
fight,2
meadows,2
bloodthirsty,2
lay,2
foolishness,2
quickly,2
turning,2
especially,2
bitter,2
behalf,2
savage,2
ill,2
support,2
lest,2
speaks,2
holiness,2
flute,2
goblet,2
result,2
mouths,2
present,2
opinion,2
loves,2
river,2
joy,2
pieria,2
lawful,2
peace,2
giver,2
adopt,2
accept,2
flight,2
easy,2
gone,2
purposes,2
cheeks,2
sun,2
family,2
boasting,2
fatherland,2
appearance,2
hostile,2
wisely,2
wiser,2
darkness,2
towards,2
unsound,2
pay,2
penalty,2
contrivances,2
bold,2
cut,2
growing,2
guard,2
want,2
sufferings,2
close,2
attendants,2
seize,2
senses,2
stable,2
either,2
loom,2
dirce,2
saved,2
male,2
flee,2
heights,2
perhaps,2
playing,2
crossed,2
horses,2
ruin,2
falling,2
trembling,2
barbarian,2
putting,2
greatest,2
met,2
freed,2
knots,2
mocked,2
found,2
threw,2
hooves,2
fury,2
dripping,2
looked,2
snatching,2
thought,2
front,2
greatly,2
temper,2
suffered,2
outside,2
reproach,2
save,2
await,2
news,2
marvel,2
situation,2
disposition,2
taught,2
cattle,2
hill,2
leaves,2
modestly,2
solitude,2
lowing,2
behold,2
holding,2
struck,2
dewy,2
fingers,2
flow,2
dripped,2
king,2
bushes,2
nothing,2
cried,2
fleet,2
fled,2
heifers,2
ribs,2
horns,2
dragged,2
asopus,2
children,2
bronze,2
spears,2
kept,2
suffering,2
obey,2
slaughter,2
deserve,2
glens,2
source,2
arrange,2
slave,2
forever,2
sure,2
correctly,2
view,2
robe,2
else,2
womans,2
anything,2
such,2
recognize,2
chase,2
dogs,2
enemies,2
dear,2
difficulty,2
overcome,2
innumerable,2
formerly,2
leg,2
friends,2
shoulder,2
places,2
imagine,2
event,2
burden,2
labors,2
heaven,2
contest,2
attire,2
kadmeans,2
slaying,2
throat,2
godless,2
violently,2
pain,2
concern,2
dead,2
die,2
valley,2
properly,2
seizing,2
bent,2
stood,2
animals,2
climbed,2
fell,2
touching,2
unfortunate,2
mans,2
preening,2
illfated,2
fellow,2
tears,2
calamity,2
accomplished,2
lucky,2
lions,2
carrying,2
aristaeus,2
understand,2
insulted,2
banished,2
embrace,2
pitiful,2
grieve,2
oracle,2
ally,2
misery,2
delivered,1
lightningbearing,1
dirke,1
ismenus,1
thunderstricken,1
remnants,1
smouldering,1
living,1
everlasting,1
hallowed,1
shrine,1
leaf,1
wealthy,1
lydians,1
sunparched,1
persians,1
bactrian,1
passed,1
wintry,1
medes,1
arabia,1
coast,1
salt,1
beautifullytowered,1
hellene,1
established,1
fitting,1
weapon,1
conceived,1
ascribed,1
sin,1
bed,1
tale,1
compelled,1
maddened,1
roofless,1
unwilling,1
plead,1
appearing,1
divinity,1
fights,1
drives,1
mention,1
revealing,1
general,1
altered,1
shape,1
bulwark,1
assistants,1
native,1
instruments,1
invention,1
toil,1
everyone,1
hymns,1
according,1
custom,1
keeps,1
purifications,1
revering,1
kybele,1
garlanded,1
serves,1
escorting,1
broad,1
streets,1
compulsion,1
pains,1
thunder,1
flying,1
stroke,1
immediately,1
kronos,1
clasps,1
fates,1
perfected,1
bullhorned,1
crowned,1
crowns,1
cloak,1
nurse,1
verdant,1
fruit,1
adorn,1
garments,1
spotted,1
fleeces,1
sheep,1
sport,1
games,1
insolent,1
waits,1
weaving,1
kouretes,1
cretan,1
parents,1
korybantes,1
triple,1
helmet,1
invented,1
stretched,1
sweetvoiced,1
breath,1
handed,1
resounding,1
nearby,1
satyrs,1
fulfilling,1
biennial,1
festivals,1
rejoices,1
goat,1
raweaten,1
rushing,1
evoe,1
nectar,1
bees,1
raising,1
flaming,1
torch,1
smoke,1
syrian,1
incense,1
darts,1
arousing,1
racing,1
agitating,1
rich,1
rings,1
sing,1
heavy,1
sweetsounding,1
pipe,1
playful,1
tune,1
suited,1
bacchante,1
foal,1
rouses,1
agenor,1
sidon,1
built,1
announce,1
knows,1
agreement,1
older,1
twine,1
prepared,1
equipment,1
appeared,1
grey,1
tire,1
striking,1
forgotten,1
feelings,1
feel,1
pupil,1
rightly,1
wrongly,1
scorn,1
ancestral,1
traditions,1
lives,1
argument,1
craftiness,1
depths,1
respect,1
distinction,1
wishes,1
honors,1
extolled,1
setting,1
interpreter,1
control,1
haste,1
fluttered,1
distance,1
evils,1
contrived,1
rush,1
shadowy,1
mixingbowls,1
assemblies,1
creep,1
secrecy,1
pretext,1
worshipping,1
strongholds,1
absent,1
fetters,1
illworking,1
sorcerer,1
conjuror,1
fragrant,1
curls,1
girls,1
alluring,1
cutting,1
stitched,1
burnt,1
falsely,1
hanging,1
wonder,1
soothsayer,1
absurdity,1
shrink,1
devoid,1
wont,1
rewards,1
defend,1
grapecluster,1
healthy,1
occasion,1
task,1
rapid,1
tongue,1
sensible,1
powerful,1
boldness,1
capable,1
becomes,1
bad,1
citizen,1
lack,1
ridicule,1
unable,1
express,1
demeter,1
dry,1
food,1
afterwards,1
match,1
liquid,1
introduced,1
releases,1
filled,1
forgetting,1
daily,1
cure,1
poured,1
offerings,1
sewn,1
teach,1
lightingflame,1
banish,1
countercontrivance,1
broken,1
pledge,1
protecting,1
real,1
hostility,1
nourished,1
word,1
served,1
hostage,1
composing,1
story,1
prophet,1
prophetic,1
skill,1
enters,1
foretell,1
future,1
possesses,1
terror,1
sometimes,1
flutters,1
ranks,1
touches,1
spear,1
delphi,1
bounding,1
torches,1
highland,1
peaks,1
mighty,1
sovereignty,1
diseased,1
pour,1
libations,1
garland,1
regard,1
modesty,1
dwells,1
corrupted,1
extols,1
yoketeam,1
cured,1
drugs,1
sick,1
phoebus,1
prudent,1
advised,1
flit,1
thoughts,1
falsehood,1
fate,1
superior,1
artemis,1
wipe,1
teacher,1
watches,1
flights,1
upset,1
winds,1
storms,1
wound,1
effeminate,1
introduces,1
disease,1
pollutes,1
stoning,1
entreat,1
ivyclad,1
staff,1
yours,1
beware,1
prophecy,1
judging,1
queen,1
wings,1
unholy,1
guests,1
office,1
cares,1
feasts,1
ivybearing,1
sheds,1
unbridled,1
unshaken,1
houses,1
heavens,1
unfit,1
short,1
pursues,1
achieve,1
illadvised,1
cyprus,1
island,1
soothe,1
hearts,1
paphos,1
fertilized,1
rain,1
hundred,1
muses,1
slope,1
riches,1
youths,1
less,1
pleasure,1
banishes,1
hates,1
friendly,1
intellect,1
overcurious,1
docile,1
withdraw,1
yielded,1
unwillingly,1
pale,1
change,1
complexion,1
laughed,1
allowed,1
remained,1
willingly,1
invoking,1
accord,1
loosed,1
keys,1
opened,1
doors,1
human,1
wonders,1
illformed,1
wrestling,1
scattered,1
careful,1
preparation,1
beauty,1
exposed,1
strokes,1
shade,1
suppose,1
familiar,1
flowery,1
sardis,1
breeds,1
married,1
uninitiated,1
profit,1
worth,1
counterfeited,1
practices,1
chose,1
diverted,1
question,1
mere,1
nonsense,1
ignorant,1
mostly,1
conveys,1
awe,1
treacherous,1
during,1
devise,1
evil,1
ignorance,1
toward,1
bacchant,1
unpracticed,1
harm,1
delicate,1
next,1
ensign,1
himself,1
visible,1
warn,1
masterful,1
live,1
wellsuited,1
horse,1
accomplices,1
crimes,1
sell,1
stopping,1
beating,1
skins,1
need,1
necessary,1
claim,1
exist,1
pursue,1
injuring,1
achelous,1
venerable,1
virgin,1
immortal,1
crying,1
dithyrambus,1
illustrious,1
reject,1
garlandbearing,1
refuse,1
swear,1
descended,1
monster,1
bloody,1
giant,1
handmaid,1
fellowreveler,1
priests,1
dangers,1
restraint,1
restrain,1
nysa,1
corycian,1
bands,1
revelers,1
deepwooded,1
lairs,1
orpheus,1
lyre,1
fields,1
reveres,1
swiftly,1
axius,1
whirling,1
lydias,1
fertilizes,1
fairest,1
quarter,1
summon,1
worlds,1
lady,1
earthquake,1
shaken,1
halls,1
stone,1
lintels,1
pillars,1
fiery,1
lamp,1
perceive,1
fallen,1
stricken,1
felt,1
courage,1
desolate,1
despair,1
dungeon,1
guardian,1
tie,1
binding,1
touched,1
handled,1
fed,1
shackles,1
knees,1
breathing,1
sweat,1
gnashing,1
teeth,1
lips,1
meanwhile,1
shook,1
kindled,1
burning,1
ran,1
every,1
toiling,1
drop,1
created,1
phantom,1
courtyard,1
headlong,1
stabbing,1
shining,1
slaughtering,1
besides,1
inflicted,1
damage,1
knocked,1
shattered,1
pieces,1
fatigue,1
dropping,1
dared,1
tramping,1
practice,1
restrained,1
recently,1
constrained,1
deliver,1
explanations,1
produces,1
richclustering,1
glory,1
towers,1
listen,1
message,1
ruler,1
bright,1
flakes,1
snow,1
melt,1
important,1
darted,1
fair,1
repress,1
report,1
quickness,1
mood,1
keen,1
imperious,1
immunity,1
angry,1
tricks,1
herds,1
climbing,1
sends,1
rays,1
warming,1
three,1
companies,1
third,1
asleep,1
relaxed,1
resting,1
backs,1
laying,1
random,1
drunk,1
wake,1
horned,1
refreshing,1
orderliness,1
unmarried,1
virgins,1
secured,1
released,1
fastenings,1
girding,1
hides,1
serpents,1
licking,1
jaws,1
gazelle,1
wolfpup,1
abandoned,1
newborn,1
infants,1
breasts,1
swollen,1
flowering,1
strike,1
fountain,1
desired,1
scratched,1
tips,1
obtained,1
honey,1
approached,1
blame,1
herdsmen,1
shepherds,1
gathered,1
debate,1
concerning,1
amazing,1
wanderer,1
practised,1
inhabit,1
favor,1
spoke,1
hiding,1
ourselves,1
appointed,1
hour,1
wave,1
revelries,1
iacchus,1
united,1
revelled,1
unmoved,1
wanting,1
snatch,1
abandoning,1
armed,1
unarmed,1
browsing,1
grass,1
rending,1
asunder,1
fatted,1
calf,1
cows,1
cloven,1
tossed,1
dabbled,1
gore,1
bulls,1
showed,1
stumbled,1
faster,1
blink,1
royal,1
proceeded,1
level,1
produce,1
bountiful,1
soldiers,1
hysiae,1
erythrae,1
towns,1
situated,1
below,1
plundered,1
pointed,1
hurling,1
wounding,1
help,1
returned,1
washed,1
cleaned,1
drops,1
tongues,1
respects,1
puts,1
pleasant,1
thing,1
freely,1
nevertheless,1
inferior,1
blaze,1
hesitate,1
electran,1
shieldbearers,1
riders,1
swiftfooted,1
assemble,1
brandish,1
shield,1
pluck,1
bowstrings,1
assault,1
calm,1
allow,1
remove,1
instruct,1
content,1
rather,1
kick,1
spurs,1
shields,1
locked,1
impossible,1
opportunity,1
weapons,1
contriving,1
sort,1
devised,1
armor,1
id,1
enormous,1
amount,1
badly,1
sorry,1
drunkenness,1
track,1
openly,1
attempt,1
journey,1
possible,1
grudge,1
linen,1
clothes,1
reckoned,1
fully,1
advice,1
spread,1
length,1
add,1
shed,1
true,1
deserted,1
roads,1
better,1
ready,1
counsels,1
net,1
job,1
send,1
dizzying,1
consent,1
laughter,1
guise,1
threats,1
past,1
hades,1
slaughtered,1
fact,1
mild,1
nightlong,1
aroused,1
throwing,1
sporting,1
pleasures,1
meadow,1
fearful,1
watchers,1
wellwoven,1
hastens,1
exertion,1
stormswift,1
rushes,1
thickets,1
shadyfoliaged,1
roused,1
chastises,1
insanity,1
cunningly,1
conceal,1
pace,1
determine,1
plan,1
expense,1
law,1
origin,1
storm,1
reached,1
harbor,1
surpass,1
hopes,1
fail,1
hasty,1
pursuit,1
pursued,1
emerges,1
suns,1
twin,1
sevengated,1
grow,1
accompanies,1
truce,1
posture,1
lock,1
arranged,1
displaced,1
forwards,1
backwards,1
practising,1
wait,1
rearrange,1
depend,1
girdle,1
pleats,1
gown,1
extend,1
regularly,1
ankles,1
sits,1
surely,1
contrary,1
expectation,1
acting,1
unison,1
willing,1
draw,1
mountaintops,1
destroy,1
seats,1
nymphs,1
pan,1
plays,1
crafty,1
sweetest,1
grips,1
love,1
dares,1
proper,1
saving,1
remarkable,1
talk,1
delicacy,1
find,1
renown,1
reaching,1
victors,1
itself,1
dressed,1
smooth,1
crag,1
seeker,1
mountaingoing,1
lioness,1
libyan,1
gorgons,1
regarding,1
invincible,1
discipline,1
accepting,1
excuses,1
act,1
envy,1
pious,1
banishing,1
customs,1
manyheaded,1
smiling,1
face,1
throw,1
deadly,1
noose,1
flock,1
sidonian,1
harvest,1
ophis,1
groan,1
masters,1
truly,1
misfortunes,1
cower,1
lacking,1
allegiance,1
forgiven,1
actually,1
kind,1
dwellings,1
ascend,1
following,1
grassy,1
vale,1
keeping,1
voices,1
surounded,1
precipices,1
irrigated,1
shaded,1
busy,1
delightful,1
crowning,1
worn,1
leafy,1
colts,1
painted,1
yoke,1
singing,1
melody,1
ascending,1
acts,1
marvelous,1
topmost,1
bow,1
curved,1
wheel,1
marked,1
compass,1
describes,1
circular,1
bough,1
steadily,1
firmly,1
seated,1
high,1
apparent,1
anywhere,1
guess,1
laughingstock,1
placed,1
between,1
became,1
woody,1
glen,1
silent,1
repeated,1
clear,1
command,1
dove,1
speed,1
leapt,1
torrentstreaming,1
cliffs,1
inspiration,1
opposite,1
hurl,1
boulders,1
thrown,1
aimed,1
hurled,1
sad,1
target,1
height,1
eagerness,1
finally,1
smashed,1
tear,1
roots,1
ironless,1
succeed,1
toils,1
round,1
aloft,1
applied,1
crashing,1
wailing,1
knew,1
priestess,1
pity,1
sins,1
foaming,1
twisting,1
possessed,1
persuade,1
elbow,1
propping,1
facility,1
tearing,1
pressed,1
groaning,1
shouted,1
boot,1
stripped,1
bare,1
tearings,1
bloodied,1
game,1
rugged,1
sought,1
fixed,1
carries,1
herself,1
accomplice,1
victor,1
service,1
wins,1
triumph,1
depart,1
reaches,1
soundness,1
wisest,1
possession,1
shout,1
befallen,1
descendant,1
assumed,1
wand,1
certain,1
kadmean,1
brings,1
woe,1
noble,1
cover,1
contorted,1
revel,1
asian,1
excite,1
freshly,1
tendril,1
reveler,1
cub,1
snares,1
desert,1
slew,1
called,1
downy,1
softhaired,1
crest,1
looks,1
huntsman,1
lionlike,1
extraordinary,1
extraordinarily,1
proud,1
delighted,1
notable,1
citizens,1
booty,1
fairtowered,1
thonged,1
thessalian,1
javelins,1
huntsmen,1
use,1
spearmakers,1
limbs,1
approach,1
ladder,1
steps,1
fasten,1
triglyphs,1
captured,1
remains,1
searches,1
picked,1
lying,1
discovery,1
difficult,1
thicket,1
creatures,1
correct,1
shuttle,1
spoils,1
hang,1
measuring,1
murder,1
fine,1
sacrificial,1
victim,1
invite,1
banquet,1
justly,1
severely,1
member,1
morose,1
sullen,1
countenance,1
goes,1
admonish,1
realize,1
done,1
hardly,1
painful,1
eye,1
brighter,1
translucent,1
quivering,1
somehow,1
sobered,1
former,1
respond,1
forget,1
sown,1
husband,1
union,1
effort,1
lamented,1
truth,1
inopportunely,1
arrive,1
leaps,1
divided,1
themselves,1
went,1
traced,1
joints,1
laid,1
both,1
thus,1
bereft,1
miserably,1
shamefully,1
line,1
supported,1
object,1
reaped,1
count,1
chin,1
wrongs,1
dishonors,1
vexes,1
wrong,1
relatives,1
scorns,1
acknowledge,1
deserved,1
dragon,1
exchange,1
says,1
ruling,1
sack,1
numbers,1
plunder,1
apollo,1
protect,1
settle,1
known,1
acquired,1
beseech,1
acted,1
injustly,1
learned,1
late,1
resemble,1
approved,1
ago,1
decreed,1
necessarily,1
disaster,1
aged,1
immigrant,1
foretold,1
motley,1
altars,1
tombs,1
sail,1
downward,1
acheron,1
deprived,1
swan,1
grayhaired,1
parent,1
poor,1
forefathers,1
leave,1
fugitive,1
weep,1
terribly,1
fare,1
escorts,1
accursed,1
memorial,1
dedicated,1
forms,1
unexpectedly,1
expected,1
unthought,1
